MiniApp,Index,Problem,Problem_Spec
wx4ce9c3cff6c3c610,0,,
wxaf291362a455b5e1,0,,
wx78d2ee5255a3ed63,0,,
wx94453ac9e8af894a,0,,
wx7a4e7d465ac09eea,0,,
wx83a1f19d142cbfb8,0,,
wx0bc8123197e70985,0,,
wx7951c581d9200725,0,,
wxacc203631394b9c4,0,,
wx8d762feb611da990,0,,
wx9f612fdcc555956c,0,,
wxad2e9789b5076244,0,,
wxa12867f7bb06a013,0,,
wx7bf99600808c08a2,0,,
wx99717e68e6fc4244,0,,
wx8b0d722749666d1c,0,,
wx4e1b2aca85a4de6d,0,,
wx7c544dd972e54c8e,0,,
wx77d8f054ad997ddb,1,似乎是在mini program里面又包了一个mini program。内包的mini program 文件不全,pages/app/like.json 未找到组件dialog
wx7120d38abf55cb86,2,This application has not registered any plugins yet.,
wxad57ae1cd953ccef,3,terminate called after throwing an instance of 'char const *',
wx9390c46f3a5a833a,3,terminate called after throwing an instance of 'char const *',
wxa401b0a5dff09107,3,terminate called after throwing an instance of 'char const *',
wx9efc1a3df6998c64,6,WXSS 文件编译错误,
wx7f12d9e7661eb99b,1,似乎是在mini program里面又包了一个mini program。内包的mini program 文件不全,components/common/icon/index.json未找到组件badge
wx95558cdb8cce89a4,4,Reference error $gwx is not defined AND Syntax Error: Unexpected token ']',
wx4df15ce98eee5097,4,Reference error $gwx is not defined AND Syntax Error: Unexpected token ']',
wx94dce66285a76941,4,Reference error $gwx is not defined AND Syntax Error: Unexpected token ']',
wx94eb4215c646f0c4,4,Reference error $gwx is not defined AND Syntax Error: Unexpected token ']',
wx881b6d478deb81b0,5,Reference error VM2_INTERNAL_DO_NOT_USE_OR_PROGRAM_WILL_FAIL is not defined,
wx88703a7be7f52af6,4,Reference error $gwx is not defined AND Syntax Error: Unexpected token ']',
wx759c45a8c54a72b7,4,Reference error $gwx is not defined AND Syntax Error: Unexpected token ']',
wx4b7fbaa1c41967fe,2,This application has not registered any plugins yet.,
wxafc30d8c2288eb78,4,Reference error $gwx is not defined AND Syntax Error: Unexpected token ']',
wx44f5fe051e87eb7c,2,This application has not registered any plugins yet.,
wx93a380ad767c58ac,4,Reference error $gwx is not defined AND Syntax Error: Unexpected token ']',
wx96d0ef1f9caac12d,1,似乎是在mini program里面又包了一个mini program。内包的mini program 文件不全,module miniprogram_npm/axios/is-buffer.js not defined
wx7e4ba3a80bada941,6,ERR_CONNECTION_REFUSED,
wx4dee5123318ea54b,4,Reference error $gwx is not defined AND Syntax Error: Unexpected token ']',
wxad91b8c41181a062,4,Reference error $gwx is not defined AND Syntax Error: Unexpected token ']',
wx7b7e27b3afef0368,4,Reference error $gwx is not defined AND Syntax Error: Unexpected token ']',
wxa92ca51fc9c0e993,4,Reference error $gwx is not defined AND Syntax Error: Unexpected token ']',
wx8e0042c9f465cb08,4,Reference error $gwx is not defined AND Syntax Error: Unexpected token ']',
wx7e3c3f665cd8e4e6,5,Reference error VM2_INTERNAL_DO_NOT_USE_OR_PROGRAM_WILL_FAIL is not defined,
wx7fbb70a732424777,5,Reference error VM2_INTERNAL_DO_NOT_USE_OR_PROGRAM_WILL_FAIL is not defined,
wx7ba1403e4ee38c6a,4,Reference error $gwx is not defined AND Syntax Error: Unexpected token ']',
wx845e388dea1c6fe9,4,Reference error $gwx is not defined AND Syntax Error: Unexpected token ']',
wxa5fdc87cebc35faa,4,Reference error $gwx is not defined AND Syntax Error: Unexpected token ']',
wx4aab7ae2aacd0ea7,4,Reference error $gwx is not defined AND Syntax Error: Unexpected token ']',
wxa4b60583d43106a5,4,Reference error $gwx is not defined AND Syntax Error: Unexpected token ']',
